[
    {
        "model": "models.objecttype",
        "fields": {
        "name": "FEDn Client",
        "slug": "fedn-client",
        "apps": []
        }
    },
    {
        "model": "apps.appcategories",
        "pk": "fedn",
        "fields": {
        "name": "FEDn"
        }
    },
    {
        "model": "apps.apps",
        "pk": 5,
        "fields": {
          "name": "FEDn Client",
          "slug": "fedn-client",
          "category": "fedn",
          "table_field": {},
          "description": "",
          "priority": "300",
          "settings": {
            "apps": {
              "FEDn Reducer": "one"
            },
            "environment": {
              "name": "from",
              "title": "Client Image",
              "quantity": "one",
              "type": "match"
            },
            "flavor": "one",
            "logs": [
              "client"
            ],
            "permissions": {
              "public": {
                "value": "false",
                "option": "false"
              },
              "project": {
                "value": "true",
                "option": "true"
              },
              "private": {
                "value": "false",
                "option": "true"
              }
            }
          },
          "chart": "apps/fedn-client/chart",
          "logo": "apps/fedn-client/logo.png",
          "updated_on": "2021-03-10T19:45:03.927Z",
          "created_on": "2021-02-19T21:34:37.815Z"
        }
    },
    {
        "model": "apps.apps",
        "pk": 6,
        "fields": {
          "name": "FEDn Reducer",
          "slug": "fedn-reducer",
          "category": "fedn",
          "table_field": {
            "url": "https://{{ release }}.{{ global.domain }}"
          },
          "description": "",
          "priority": "500",
          "settings": {
            "S3": "one",
            "apps": {
              "MongoDB": "one",
              "Docker Registry": "one"
            },
            "environment": {
              "name": "from",
              "title": "Image",
              "quantity": "one",
              "type": "match"
            },
            "logs": [
              "reducer"
            ],
            "permissions": {
              "public": {
                "value": "false",
                "option": "false"
              },
              "project": {
                "value": "true",
                "option": "true"
              },
              "private": {
                "value": "false",
                "option": "true"
              }
            }
          },
          "chart": "apps/fedn-reducer/chart",
          "logo": "apps/fedn-reducer/logo.png",
          "updated_on": "2021-03-10T19:45:03.927Z",
          "created_on": "2021-02-19T21:34:37.815Z"
        }
    },
    {
        "model": "apps.apps",
        "pk": 7,
        "fields": {
          "name": "FEDn Combiner",
          "slug": "fedn-combiner",
          "category": "fedn",
          "table_field": {},
          "description": "",
          "priority": "400",
          "settings": {
            "apps": {
              "FEDn Reducer": "one",
              "Persistent Volume": "one"
            },
            "environment": {
              "name": "from",
              "title": "Image",
              "quantity": "one",
              "type": "match"
            },
            "logs": [
              "combiner"
            ],
            "permissions": {
              "public": {
                "value": "false",
                "option": "false"
              },
              "project": {
                "value": "true",
                "option": "true"
              },
              "private": {
                "value": "false",
                "option": "true"
              }
            }
          },
          "chart": "apps/fedn-combiner/chart",
          "logo": "apps/fedn-combiner/logo.png",
          "updated_on": "2021-03-10T19:45:03.927Z",
          "created_on": "2021-02-19T21:34:37.815Z"
        }
    }
]